,fixed acidity,volatile acidity,citric acid,residual sugar,chlorides,free sulfur dioxide,total sulfur dioxide,density,pH,sulphates,alcohol,quality
0,2,3,0,0,1,1,0,5,6,1,1,3
1,2,5,0,1,1,3,2,4,3,2,2,3
2,2,4,0,0,1,1,1,5,4,1,2,3
3,5,1,5,0,1,2,1,5,3,1,2,5
4,2,3,0,0,1,1,0,5,6,1,1,3
5,2,3,0,0,1,1,1,5,6,1,1,3
6,2,3,0,0,0,1,1,4,4,0,1,3
7,2,3,0,0,0,1,0,3,5,0,2,7
8,2,3,0,0,1,1,0,4,4,1,1,7
9,2,2,3,3,0,2,3,5,4,2,3,3
10,1,3,0,0,1,1,2,4,4,1,1,3
11,2,2,3,3,0,2,3,5,4,2,3,3
12,0,3,0,0,1,2,1,3,6,1,2,3
13,2,3,2,0,1,1,0,5,4,7,1,3
14,3,3,1,1,2,7,4,6,3,3,1,3
15,3,3,1,2,2,7,5,6,3,3,1,3
16,3,1,5,0,1,4,3,5,4,2,3,7
17,3,3,2,0,5,2,1,4,2,5,1,3
18,2,3,0,2,1,0,0,5,5,1,0,1
19,2,1,5,0,5,2,1,5,2,4,1,5
20,3,0,4,0,1,3,1,4,5,1,1,5
21,2,1,3,0,1,3,2,5,6,1,1,3
22,2,2,2,0,1,1,1,4,3,3,1,3
23,3,2,1,0,1,1,2,4,3,1,1,3
24,2,1,1,1,1,2,1,4,5,1,1,5
25,1,1,1,0,1,1,0,3,4,1,1,3
26,2,1,2,0,1,0,0,4,4,1,1,3
27,2,2,2,0,1,1,1,4,3,3,1,3
28,2,4,0,0,1,1,1,5,5,1,1,3
29,2,3,0,0,1,0,0,4,5,1,2,5
30,1,3,0,1,1,2,2,4,4,1,2,3
31,2,3,0,1,1,2,1,4,5,1,3,5
32,3,3,1,0,1,1,3,4,3,1,2,3
33,2,3,1,6,1,5,2,6,5,1,1,5
34,0,1,2,0,1,1,1,4,5,1,1,3
35,2,3,0,3,1,0,0,6,5,1,1,5
36,2,3,1,1,1,0,0,5,5,1,3,5
37,3,1,2,0,0,1,0,4,3,2,1,7
38,0,6,0,0,2,0,0,2,5,0,2,1
39,2,2,3,3,1,1,2,5,4,2,3,3
40,2,2,3,3,1,1,2,5,4,2,3,3
41,3,3,2,1,1,2,1,5,4,1,1,1
42,2,2,1,1,5,0,0,4,3,3,3,5
43,3,3,2,0,0,1,0,4,4,5,2,3
44,1,3,0,0,0,0,0,4,5,1,1,3
45,0,2,1,0,0,0,2,2,9,1,7,1
46,2,5,4,0,1,2,3,5,4,2,1,3
47,3,1,5,0,1,1,1,5,4,1,1,3
48,1,1,2,0,0,0,0,4,4,1,1,3
49,0,1,3,0,1,1,3,3,4,1,1,3
50,3,3,2,0,1,0,0,5,3,2,1,3
51,1,2,0,0,0,0,0,4,5,1,1,5
52,1,2,0,0,0,0,0,3,5,1,1,5
53,3,1,3,1,1,4,3,5,3,1,1,3
54,2,2,1,1,1,4,2,3,3,1,2,5
55,2,3,0,1,1,3,1,5,4,1,1,3
56,4,2,5,1,0,0,0,5,2,1,1,3
57,2,3,1,2,1,6,3,6,4,2,1,3
58,2,3,1,0,1,2,1,5,5,1,2,3
59,2,1,3,1,1,1,1,4,5,1,1,5
60,3,1,3,0,1,2,1,5,5,1,1,3
61,2,3,4,0,1,2,3,4,3,2,1,3
62,2,2,1,0,1,1,1,4,5,1,1,7
63,2,4,0,0,1,1,1,4,5,1,2,3
64,2,4,0,2,1,0,0,4,5,0,3,3
65,2,4,0,2,1,0,0,4,5,0,3,3
66,2,2,1,0,1,1,1,4,5,1,1,3
67,1,4,0,0,1,0,0,4,5,1,3,3
68,4,1,5,0,1,3,2,5,4,2,3,3
69,3,4,0,0,1,0,0,4,4,3,3,5
70,2,3,0,0,1,1,0,4,4,1,1,5
71,2,3,2,0,1,2,3,4,4,0,1,3
72,2,3,2,0,1,2,3,4,4,0,1,3
73,3,3,2,0,1,1,1,5,4,1,1,1
74,4,1,5,1,1,3,2,6,4,2,1,3
75,3,1,6,0,1,1,1,6,6,1,3,3
76,3,1,6,0,1,1,1,6,6,1,3,3
77,1,4,0,1,1,1,0,4,6,1,3,5
78,1,4,1,0,1,1,2,4,5,1,2,3
79,3,3,1,0,1,3,3,5,3,4,1,1
80,1,2,1,0,0,0,0,4,5,1,1,3
81,2,2,6,0,7,2,2,5,3,5,1,3
82,2,2,4,0,1,2,2,5,4,1,1,3
83,2,3,2,0,6,2,1,5,3,4,1,3
84,1,1,4,0,0,2,1,4,5,2,2,5
85,2,2,1,0,1,2,1,4,5,1,2,3
86,3,2,2,0,1,2,4,5,1,9,2,5
87,2,2,2,0,0,1,0,4,5,1,1,3
88,4,1,4,0,1,4,4,5,3,5,1,3
89,2,3,0,0,1,0,0,5,5,1,0,3
90,2,2,2,0,1,5,4,4,3,1,1,3
91,3,2,2,0,1,2,4,5,1,9,2,5
92,3,2,2,0,1,2,4,5,1,9,2,3
93,2,2,2,0,0,1,0,4,5,1,1,3
94,0,6,0,0,0,5,2,2,7,0,3,1
95,0,3,1,0,0,2,3,2,8,1,6,5
96,1,4,0,1,1,0,0,4,5,1,3,3
97,2,2,2,0,0,0,0,4,4,1,1,3
98,2,5,0,1,1,0,0,4,5,1,2,3
99,3,2,1,0,1,1,1,5,4,1,0,5
100,3,3,2,0,1,1,1,5,5,1,2,5
101,2,2,2,0,1,0,0,4,4,1,3,5
102,3,2,1,0,1,1,1,5,4,1,0,5
103,3,3,2,0,1,1,2,4,4,1,1,3
104,2,2,2,0,0,0,1,4,4,0,1,3
105,3,3,2,0,1,1,2,4,4,1,1,3
106,2,1,6,0,7,2,2,5,2,5,1,3
107,1,3,3,0,1,1,2,5,5,2,1,3
108,3,1,5,1,1,2,2,5,4,2,1,5
109,3,4,5,0,1,5,5,5,3,2,1,3
110,2,3,1,0,1,1,1,4,3,3,1,3
111,3,3,0,0,1,1,3,4,3,1,2,3
112,3,3,0,0,1,1,3,4,3,1,2,3
113,4,1,4,0,1,2,1,6,4,2,1,5
114,2,3,1,0,1,1,1,4,3,3,1,3
115,4,1,3,0,1,1,1,4,2,1,3,5
116,3,2,2,0,1,1,1,5,5,1,2,5
117,2,3,1,0,1,0,0,5,4,1,1,5
118,3,2,0,0,1,1,1,4,3,1,3,5
119,2,3,0,0,1,2,2,4,4,1,1,5
120,2,6,0,0,2,1,2,4,4,1,0,3
121,3,2,0,0,1,1,1,4,3,1,3,5
122,2,3,0,1,1,0,0,5,5,1,1,3
123,3,4,0,1,1,1,0,5,5,1,1,3
124,2,2,1,0,1,2,3,4,5,0,1,3
125,3,3,0,0,2,3,2,6,3,2,1,3
126,3,8,0,0,1,0,0,4,6,0,3,3
127,3,8,0,0,1,0,0,4,6,0,3,3
128,3,3,1,0,0,0,0,4,5,3,3,7
129,1,1,1,0,1,0,0,3,5,1,1,3
130,3,4,5,0,1,4,4,4,3,1,1,3
131,0,2,0,0,0,2,3,2,7,1,7,3
132,0,2,0,0,0,2,3,2,7,1,7,3
133,1,2,0,0,0,2,0,3,5,1,2,5
134,2,6,0,0,1,1,0,4,3,1,2,5
135,3,4,1,0,1,2,2,4,3,2,1,3
136,3,4,1,0,1,1,1,4,3,2,1,3
137,2,2,3,0,1,1,1,5,5,1,1,3
138,2,3,1,0,1,1,3,4,4,1,1,3
139,2,3,1,0,1,2,3,4,4,1,1,3
140,3,4,1,0,1,2,2,4,3,2,1,3
141,3,4,1,0,1,1,1,4,3,2,1,3
142,0,1,0,0,0,3,2,1,7,2,8,5
143,1,1,0,0,0,0,0,3,4,1,1,3
144,0,1,0,0,0,3,2,1,7,2,8,5
145,3,3,5,0,1,4,4,4,3,1,1,3
146,1,3,0,0,1,2,3,3,6,1,2,3
147,2,2,2,0,3,1,2,4,2,2,1,3
148,2,2,0,0,1,1,0,4,5,1,2,5
149,3,1,4,1,1,1,1,5,6,1,3,5
150,2,1,4,0,1,0,0,4,4,1,2,5
151,4,2,9,1,9,4,2,6,0,9,1,1
152,2,3,0,0,1,3,3,3,4,1,2,3
153,2,3,0,0,1,3,3,3,4,1,2,3
154,2,2,4,3,0,3,4,5,5,2,3,3
155,2,2,4,3,0,3,4,5,5,2,3,3
156,2,2,4,3,0,3,4,5,5,2,3,3
157,2,2,4,3,0,3,4,5,5,2,3,3
158,2,3,0,0,1,1,0,5,5,1,1,3
159,1,3,1,0,1,2,2,4,6,1,1,5
160,2,5,0,0,1,0,0,4,3,1,1,3
161,2,3,0,0,1,1,0,4,3,4,1,1
162,2,2,0,0,1,2,0,4,4,1,2,5
163,2,3,2,4,0,4,4,5,4,0,1,3
164,2,3,2,4,0,4,4,5,4,0,1,3
165,2,3,4,0,1,1,3,4,3,1,1,3
166,1,3,0,0,1,2,3,4,4,1,2,3
167,2,2,0,0,1,2,1,4,4,0,0,1
168,1,3,0,0,1,1,1,3,5,1,3,5
169,2,4,2,0,5,1,2,4,2,7,1,3
170,2,5,0,0,0,0,0,5,4,0,1,1
171,3,2,1,0,1,0,0,5,4,1,1,5
172,3,2,1,0,1,0,0,5,4,1,1,5
173,2,3,0,0,0,3,1,4,5,1,4,5
174,2,1,2,0,1,0,1,4,4,0,1,3
175,2,2,0,0,1,2,1,4,4,2,1,3
176,2,1,2,0,1,0,1,4,4,0,1,3
177,2,2,4,0,1,0,1,5,6,1,3,5
178,2,4,0,1,0,0,0,5,5,1,1,3
179,3,3,1,1,0,1,1,5,3,1,1,3
180,3,3,1,1,0,1,1,5,3,1,1,3
181,3,3,4,0,4,3,3,5,2,4,1,3
182,2,4,0,1,1,2,1,5,5,1,1,3
183,1,3,1,0,1,1,2,5,6,1,1,3
184,1,3,2,0,1,0,1,5,6,1,1,5
185,3,1,5,0,1,3,2,5,4,1,1,3
186,2,1,4,0,1,1,2,5,4,1,1,3
187,2,4,0,1,1,1,0,5,5,0,1,3
188,2,2,3,0,1,1,4,4,3,1,1,3
189,2,2,3,0,1,2,4,4,3,1,1,3
190,3,2,3,1,1,2,4,5,3,1,1,3
191,1,1,2,0,1,2,1,5,6,1,2,5
192,1,3,1,1,1,2,4,5,4,1,1,3
193,2,2,2,0,0,0,0,4,4,1,1,3
194,2,2,2,0,0,0,0,4,4,1,1,3
195,2,3,3,0,1,3,4,4,4,1,1,3
196,2,3,2,1,1,1,1,4,5,1,2,3
197,6,1,5,0,0,1,0,5,2,3,2,5
198,0,4,0,0,0,1,3,1,6,3,7,7
199,2,6,0,0,0,1,0,3,6,0,4,1
200,4,1,4,0,0,1,0,5,3,2,2,7
201,3,1,4,0,1,5,4,5,2,4,1,3
202,1,2,1,0,1,2,1,3,4,2,1,3
203,2,2,3,0,1,2,1,4,4,1,1,3
204,2,2,3,0,1,1,1,4,4,1,1,5
205,7,1,7,1,1,1,0,6,3,2,3,7
206,7,1,7,1,1,1,0,6,3,2,3,7
207,2,3,3,0,0,3,4,4,4,1,1,3
208,2,2,2,1,1,2,3,4,3,2,1,3
209,5,1,5,0,0,0,0,5,4,3,3,7
210,4,2,5,0,0,0,0,4,4,3,6,5
211,3,4,2,1,1,1,1,4,4,1,2,5
212,6,2,6,0,0,0,0,5,3,2,2,5
213,3,3,2,0,0,3,2,4,4,0,2,3
214,2,4,0,1,1,1,1,5,3,2,2,5
215,2,2,4,3,0,3,4,5,4,2,3,3
216,3,3,1,0,1,1,1,4,3,1,3,3
217,3,4,2,0,1,1,1,4,4,1,1,3
218,2,2,1,0,1,1,1,4,5,1,1,3
219,2,2,3,1,1,3,4,4,4,1,1,3
220,2,1,3,0,1,3,1,4,4,1,1,5
221,2,2,2,0,1,2,2,4,3,1,1,3
222,1,3,0,0,0,0,0,3,5,1,1,3
223,3,3,2,0,1,0,0,5,4,1,2,5
224,3,3,3,0,1,1,1,5,4,1,3,1
225,2,2,2,1,1,3,2,4,4,1,3,5
226,3,3,4,0,5,3,2,4,2,7,1,5
227,3,4,1,1,1,1,0,6,5,1,2,3
228,2,2,2,1,1,3,2,4,4,1,3,5
229,2,2,2,1,1,1,1,4,5,1,3,3
230,0,2,0,0,0,2,3,1,6,1,5,7
231,3,1,0,0,1,1,1,4,4,1,2,5
232,3,1,1,1,1,2,1,5,4,2,1,5
233,2,2,2,1,1,1,1,4,5,1,3,3
234,3,6,0,0,0,0,1,4,4,1,0,5
235,2,3,0,0,1,1,1,4,4,1,0,5
236,2,3,0,0,1,1,1,4,4,1,0,5
237,2,3,0,0,1,1,1,4,4,1,1,5
238,2,3,0,0,1,1,1,4,4,1,0,5
239,3,6,0,0,0,0,1,4,4,1,0,5
240,3,3,3,0,4,0,1,5,2,4,1,3
241,6,1,5,0,1,0,0,6,3,2,3,5
242,2,3,0,0,1,3,3,4,2,0,2,5
243,9,0,4,0,1,1,0,7,2,3,1,7
244,9,0,4,0,1,1,0,7,2,3,1,7
245,2,3,0,0,1,0,0,6,6,3,2,5
246,2,3,0,0,1,2,1,4,5,1,1,3
247,3,3,1,0,1,1,2,4,3,0,1,3
248,2,2,0,0,1,1,1,4,4,0,2,5
249,2,3,0,0,1,0,0,6,6,3,2,5
250,5,1,4,0,0,2,1,6,3,2,2,5
251,2,3,0,0,1,2,0,5,5,2,2,5
252,5,1,4,1,1,0,0,6,3,1,3,3
253,2,4,4,0,1,0,2,4,3,1,1,3
254,2,3,0,0,1,2,0,5,5,2,2,5
255,3,3,2,1,1,2,3,4,4,1,1,3
256,4,1,3,0,1,0,0,5,3,1,1,3
257,1,3,0,0,1,1,1,4,5,2,1,3
258,2,1,7,0,9,0,1,4,2,5,1,3
259,4,1,4,1,1,1,0,7,4,2,3,7
260,2,1,2,0,1,2,1,4,4,1,1,3
261,2,5,0,0,1,1,2,4,4,1,1,1
262,3,2,0,0,0,1,1,4,4,1,2,3
263,2,1,2,0,1,3,1,4,4,2,1,3
264,6,3,4,1,0,0,0,7,2,3,3,3
265,6,0,5,0,0,0,0,4,3,2,2,7
266,3,5,0,1,1,3,1,7,6,2,2,1
267,2,1,4,1,1,1,1,5,4,3,6,9
268,2,2,0,1,1,0,0,6,7,3,1,5
269,6,0,5,2,1,0,0,6,4,3,2,5
270,2,2,0,2,1,3,1,4,4,2,3,5
271,6,0,5,2,1,0,0,6,4,3,2,5
272,5,1,5,2,0,2,2,6,3,2,2,3
273,3,4,1,1,1,1,1,5,4,1,1,3
274,2,3,1,4,1,3,3,6,5,2,1,3
275,2,2,0,2,1,3,1,4,4,2,3,5
276,2,2,0,1,1,0,0,6,7,3,1,5
277,6,0,5,2,1,0,0,6,4,3,2,5
278,5,1,4,3,1,0,0,5,3,2,6,9
279,3,1,3,3,1,1,1,6,5,2,3,7
280,6,0,4,1,0,0,0,6,2,2,1,5
281,2,1,6,1,5,0,0,5,4,4,2,7
282,2,2,1,1,0,1,1,5,4,1,1,3
283,3,1,3,3,1,1,1,6,5,2,3,7
284,4,3,0,1,1,4,2,7,4,2,2,3
285,4,3,0,1,1,4,2,7,4,2,2,3
286,6,2,5,0,1,3,1,7,2,2,2,5
287,2,1,1,1,1,3,1,4,4,2,2,5
288,3,2,0,1,1,2,1,5,4,3,3,7
289,6,2,5,1,1,4,3,8,3,3,1,3
290,3,2,0,1,1,2,1,5,4,3,3,7
291,5,0,4,0,5,0,0,5,4,2,3,3
292,5,2,2,1,1,2,1,6,3,1,2,5
293,2,1,2,1,1,0,0,4,5,1,2,5
294,7,1,5,1,1,2,1,8,2,2,1,5
295,5,2,4,1,1,0,0,7,2,1,1,3
296,5,4,3,1,1,3,2,5,3,1,2,3
297,2,3,0,0,1,0,0,6,7,2,1,3
298,2,3,0,0,1,0,0,6,7,2,1,3
299,2,3,0,0,1,0,0,6,7,2,1,3
300,2,2,0,1,1,2,1,4,5,1,3,5
301,5,0,4,0,0,0,0,5,3,1,2,5
302,3,4,1,1,1,1,0,6,6,2,2,3
303,2,3,1,0,2,0,0,4,5,1,1,3
304,3,3,5,0,1,1,2,5,3,1,1,3
305,5,2,4,1,0,0,0,7,2,1,1,5
306,2,3,3,0,1,0,1,4,4,1,1,3
307,5,1,4,1,3,0,0,6,3,1,1,5
308,5,2,4,1,3,0,0,6,3,1,1,5
309,2,1,3,0,0,1,0,4,5,1,1,5
310,5,2,4,1,0,0,0,7,2,1,1,5
311,2,2,2,0,1,1,3,4,4,1,1,5
312,3,2,3,1,1,2,3,5,4,1,1,5
313,3,2,2,1,1,4,4,5,4,1,1,3
314,2,1,2,1,1,3,2,4,5,2,3,3
315,2,1,2,1,1,2,1,4,5,1,3,5
316,4,3,2,1,1,5,3,6,4,1,2,3
317,4,4,1,1,1,4,2,6,4,1,3,5
318,4,3,3,1,1,2,1,6,4,2,4,7
319,4,4,1,1,1,4,2,6,4,1,3,5
320,4,3,3,1,1,2,1,6,4,2,4,7
321,4,3,2,1,1,3,2,7,3,1,1,3
322,2,3,0,0,1,0,0,5,4,1,1,3
323,5,3,4,1,1,4,2,6,4,2,1,5
324,4,2,1,6,0,1,1,8,3,2,1,5
325,4,2,1,6,0,1,1,8,3,2,1,5
326,6,2,6,1,1,0,0,5,2,2,4,7
327,5,2,4,2,1,0,0,5,4,2,4,3
328,7,1,6,1,1,0,0,7,3,2,1,5
329,5,2,3,0,0,0,0,5,3,1,1,3
330,4,1,6,1,1,1,1,5,3,1,6,5
331,4,1,6,1,1,1,1,5,3,1,6,5
332,3,3,2,1,0,2,3,5,3,1,1,5
333,3,3,0,0,1,2,1,4,3,1,3,3
334,2,3,0,1,1,2,1,4,4,2,5,7
335,6,3,5,1,1,0,0,6,3,3,5,7
336,3,2,4,0,0,0,0,3,4,2,6,5
337,2,2,3,1,1,3,1,5,4,1,2,3
338,6,2,5,1,1,3,3,7,3,4,4,5
339,6,1,5,0,1,1,0,7,2,6,2,7
340,6,1,4,1,0,1,0,7,2,5,1,5
341,5,2,4,1,0,0,0,5,3,3,4,5
342,5,1,4,0,1,0,0,5,4,2,2,5
343,5,1,4,0,1,0,0,5,4,2,2,5
344,6,3,4,1,1,0,0,7,2,2,3,5
345,2,3,0,0,0,5,2,5,6,2,2,3
346,1,4,0,1,1,2,0,3,6,3,5,7
347,8,2,6,1,1,0,0,6,2,3,5,5
348,4,3,3,1,1,1,1,5,2,3,2,5
349,3,4,0,1,1,1,0,6,4,3,1,5
350,5,3,2,1,1,2,0,7,4,3,2,5
351,3,4,0,1,1,1,0,6,4,2,1,5
352,2,3,0,1,1,0,0,5,4,2,1,3
353,7,2,7,2,1,3,2,8,3,2,7,3
354,1,0,3,0,0,5,5,0,4,1,5,5
355,1,4,0,1,1,2,0,3,6,1,6,5
356,6,1,5,1,1,3,1,7,4,3,3,3
357,5,2,6,1,1,1,0,5,3,2,5,7
358,6,2,6,1,1,1,0,7,3,3,3,7
359,7,1,6,1,1,1,1,8,3,2,2,5
360,3,3,2,0,1,1,2,5,3,2,1,3
361,3,2,3,1,1,2,1,5,4,3,2,5
362,6,3,6,1,1,0,1,6,2,1,2,3
363,6,2,6,0,0,0,0,6,1,3,2,3
364,7,3,6,3,1,0,1,8,2,2,2,7
365,4,2,4,1,1,0,0,5,4,3,5,5
366,7,3,6,3,1,0,1,8,2,2,2,7
367,5,3,6,1,1,1,0,7,3,2,0,3
368,5,1,5,1,2,1,2,7,3,1,1,3
369,4,1,5,1,1,0,0,4,3,4,5,7
370,2,4,0,0,0,4,2,5,6,2,2,3
371,2,0,3,0,0,1,0,4,4,3,0,5
372,3,1,4,0,0,3,1,4,4,4,3,5
373,2,2,2,0,1,1,2,4,2,1,1,3
374,8,1,6,1,1,0,1,8,2,2,3,5
375,6,2,7,2,1,0,0,6,2,2,5,7
376,6,2,4,1,1,2,1,7,4,4,3,5
377,4,1,5,1,1,0,0,4,3,4,5,7
378,6,3,6,3,1,0,0,6,2,3,7,5
379,3,2,3,1,1,3,1,5,4,2,3,5
380,3,0,4,0,1,1,0,5,3,2,1,5
381,8,2,6,1,1,2,1,8,2,2,2,5
382,3,0,4,0,1,1,0,5,3,2,1,5
383,3,0,4,0,1,1,0,5,3,2,1,5
384,2,2,2,0,1,3,1,5,5,2,1,3
385,2,3,0,1,1,1,1,5,5,2,1,5
386,2,2,2,0,1,3,1,5,5,2,1,5
387,3,3,1,0,1,2,1,5,4,1,1,5
388,2,2,2,0,1,3,1,5,5,2,1,5
389,4,1,3,1,1,2,1,5,3,2,2,7
390,0,4,0,0,0,1,2,1,6,2,6,9
391,8,2,6,1,1,2,1,8,2,2,2,5
392,4,1,5,0,1,0,0,5,3,1,1,3
393,3,3,6,0,1,1,3,5,3,1,1,3
394,7,3,6,0,0,0,0,7,2,1,2,3
395,6,1,7,2,0,0,1,7,3,1,7,7
396,1,4,0,4,1,9,4,6,5,1,2,3
397,6,3,5,1,1,1,1,6,3,1,3,5
398,6,3,5,1,1,1,1,6,3,1,3,5
399,3,4,2,0,0,1,1,4,2,1,1,3
400,1,4,0,4,1,9,4,6,5,1,2,3
401,2,0,2,0,0,2,1,3,4,0,3,5
402,6,2,5,1,1,2,2,7,2,1,3,5
403,6,3,4,1,1,1,1,6,3,1,3,5
404,2,3,0,1,1,1,0,5,4,1,1,3
405,3,1,4,0,0,1,0,4,4,2,2,5
406,4,2,4,1,0,1,0,5,3,1,3,5
407,6,1,6,1,1,1,0,6,3,1,3,7
408,5,1,5,1,2,0,0,5,3,2,4,5
409,6,2,4,2,0,3,1,5,2,1,1,1
410,3,2,3,1,1,3,2,6,5,1,1,5
411,3,2,3,1,1,3,2,6,5,1,1,3
412,2,4,1,0,1,1,2,4,4,1,1,3
413,4,1,5,3,1,0,0,6,4,2,5,7
414,3,2,3,1,1,3,4,5,4,1,1,3
415,3,4,2,3,1,4,4,8,4,4,1,3
416,5,2,6,0,1,0,0,5,4,1,5,5
417,2,3,1,0,1,4,4,4,5,0,3,3
418,6,1,5,0,1,0,0,6,3,2,3,5
419,1,4,0,0,0,4,1,5,6,2,2,3
420,4,3,3,1,1,4,2,5,4,2,5,7
421,1,4,0,0,0,4,1,3,6,1,5,7
422,2,5,1,0,0,1,1,3,4,0,3,3
423,5,0,4,0,0,0,0,5,3,3,3,7
424,2,5,1,0,0,1,1,3,4,0,3,3
425,1,4,0,0,0,4,1,3,6,1,5,7
426,1,3,0,0,0,2,1,3,5,0,4,5
427,4,4,2,0,1,0,0,6,4,1,3,5
428,3,2,3,0,0,1,0,5,3,1,1,3
429,7,4,6,1,1,1,1,7,2,1,3,5
430,5,0,4,0,0,0,0,5,3,3,3,7
431,2,2,3,0,1,2,2,5,4,1,1,3
432,6,1,6,0,1,1,0,4,2,1,6,5
433,6,1,6,0,1,0,0,7,3,0,1,3
434,5,1,5,1,1,2,1,6,3,3,2,5
435,6,1,6,0,1,0,0,7,3,0,1,3
436,3,3,2,0,0,5,1,4,4,1,2,5
437,5,2,7,1,0,0,0,6,3,1,4,5
438,5,1,5,1,1,2,1,6,3,3,2,5
439,2,3,1,0,0,0,1,3,2,1,1,3
440,7,1,7,0,1,0,0,6,1,2,2,9
441,6,1,6,0,0,0,0,6,2,2,4,5
442,9,3,7,1,1,0,1,9,1,2,4,7
443,4,2,4,1,1,1,0,4,3,1,4,7
444,0,3,0,0,0,0,0,2,6,3,6,7
445,4,4,0,0,1,0,0,6,3,1,2,5
446,6,1,5,1,1,4,2,6,2,2,3,3
447,4,2,2,0,1,0,0,4,3,2,4,3
448,3,2,2,0,1,0,0,4,3,1,2,5
449,6,1,6,1,1,2,1,6,2,1,3,5
450,6,1,6,1,1,2,1,6,2,1,3,5
451,3,1,5,0,6,1,0,5,2,4,1,5
452,1,3,0,0,1,2,1,4,5,1,2,5
453,5,1,6,1,1,0,0,7,4,2,4,7
454,2,0,3,0,0,2,2,3,5,1,4,3
455,5,3,6,2,1,0,0,6,3,2,7,9
456,3,3,3,0,1,0,0,6,4,1,2,3
457,4,3,2,1,1,3,2,6,4,1,1,3
458,5,1,6,1,1,0,0,7,4,2,4,7
459,6,3,6,0,1,1,1,7,4,1,0,0
460,4,2,5,0,1,1,0,5,4,1,4,5
461,3,3,2,1,1,0,0,5,4,1,1,3
462,5,0,6,1,1,1,0,5,3,1,5,3
463,3,3,6,0,1,3,4,5,2,1,0,3
464,6,1,5,0,1,0,0,6,1,2,1,5
465,4,1,3,1,1,1,0,7,5,3,1,3
466,5,2,4,0,0,2,1,5,3,2,4,5
467,3,2,4,1,0,0,0,3,4,2,8,5
468,6,1,6,0,1,0,0,7,3,1,1,5
469,3,4,0,0,0,4,1,3,3,1,2,3
470,7,1,6,1,1,1,1,6,2,1,3,3
471,4,2,4,1,1,3,1,5,3,2,4,5
472,6,1,5,1,1,3,2,6,3,2,3,5
473,4,1,5,0,0,0,0,5,4,2,3,3
474,5,1,5,0,1,1,0,5,3,3,1,5
475,4,3,2,0,1,0,0,6,3,1,2,3
476,4,1,4,0,1,0,0,5,4,2,1,3
477,5,0,4,0,1,0,0,5,3,4,3,5
478,4,3,2,0,1,0,0,6,3,1,2,3
479,4,3,1,1,1,0,0,6,3,2,2,5
480,5,1,3,9,0,0,0,9,2,1,1,3
481,4,1,5,1,1,0,0,4,3,3,5,9
482,5,1,5,0,2,0,0,6,2,4,1,3
483,5,1,5,0,2,0,0,6,2,4,1,3
484,5,2,6,2,1,0,0,5,2,1,7,5
485,4,3,3,0,0,0,0,5,3,0,2,3
486,4,3,3,0,0,0,0,5,3,0,2,3
487,4,3,3,0,0,0,0,5,3,0,2,5
488,6,1,5,1,1,4,2,7,4,3,3,7
489,4,1,3,1,1,1,0,6,4,2,2,5
490,4,4,2,1,1,3,1,6,4,2,3,5
491,4,1,4,1,0,1,0,3,4,2,7,7
492,3,1,5,1,0,1,0,3,4,3,7,7
493,3,3,3,1,1,3,2,7,5,2,4,5
494,1,1,2,5,0,3,3,3,5,1,5,5
495,5,1,5,1,0,0,0,5,3,1,3,9
496,2,2,2,0,1,1,1,6,5,1,0,5
497,2,1,3,1,1,5,3,4,4,2,4,3
498,5,1,5,1,0,0,0,5,3,1,3,9
499,3,3,3,1,1,3,2,7,5,2,4,5
500,2,2,2,0,1,1,1,6,5,1,0,5
501,5,2,7,3,1,5,2,6,3,3,5,7
502,5,2,7,3,1,5,2,6,3,3,5,7
503,5,0,4,0,1,0,0,5,3,4,3,7
504,5,0,4,0,1,0,0,5,3,4,3,7
505,4,2,6,1,1,1,0,4,3,2,6,7
506,5,0,4,0,1,0,0,5,4,4,3,7
507,5,3,5,0,1,0,0,7,3,2,1,5
508,4,3,3,0,1,3,1,6,3,1,2,5
509,7,1,7,1,1,3,1,6,2,2,4,7
510,6,2,4,2,1,2,1,5,2,1,1,3
511,4,3,3,0,1,3,1,6,3,1,2,5
512,5,1,4,0,1,1,1,5,2,2,1,5
513,5,2,6,1,1,0,0,5,2,1,5,7
514,5,2,6,1,1,0,0,5,2,1,5,7
515,3,3,4,3,1,4,5,8,4,4,1,3
516,6,3,4,2,1,0,0,8,4,2,5,5
517,5,3,4,0,3,0,0,6,3,1,0,0
518,5,0,4,1,1,1,0,5,3,2,5,5
519,2,1,4,1,1,5,3,4,4,2,3,3
520,4,0,4,1,1,1,0,5,5,3,2,5
521,2,1,4,0,1,2,1,5,5,1,1,3
522,3,1,4,0,1,6,4,5,5,3,2,3
523,4,1,4,1,1,5,4,5,3,1,1,3
524,4,2,4,1,1,3,3,5,3,1,1,3
525,5,3,2,1,1,3,1,7,3,2,2,3
526,2,1,4,1,1,5,3,4,4,2,3,3
527,2,1,4,1,1,4,2,4,5,2,4,5
528,3,2,4,1,1,4,1,6,4,2,0,5
529,4,3,2,1,1,0,0,5,2,1,1,3
530,3,0,2,0,1,0,0,6,5,3,2,5
531,6,1,4,1,1,1,1,7,3,1,2,3
532,6,1,4,1,1,1,1,7,3,1,2,3
533,5,1,2,0,1,1,0,4,3,1,6,5
534,4,2,2,1,1,1,0,7,4,1,2,5
535,3,0,2,0,1,0,0,6,5,3,2,5
536,4,3,2,1,1,0,0,5,2,1,1,3
537,3,4,2,0,1,0,0,5,4,2,3,5
538,7,1,4,3,0,0,1,8,3,1,5,7
539,5,2,7,2,1,0,0,6,3,1,4,3
540,4,3,2,1,1,2,1,6,4,2,1,3
541,4,2,4,3,0,0,0,6,3,2,3,5
542,4,4,2,0,0,0,0,4,2,1,2,3
543,5,3,2,1,1,2,1,6,2,2,3,5
544,8,1,7,0,1,0,0,7,0,2,0,5
545,3,2,4,1,1,5,3,5,2,1,1,3
546,2,2,2,0,1,1,0,6,5,2,1,5
547,5,1,4,1,0,0,0,6,4,3,3,5
548,6,1,4,1,1,3,2,6,2,2,3,5
549,3,2,4,0,2,0,0,5,4,1,1,5
550,1,2,0,0,1,1,0,4,4,1,1,5
551,4,2,2,1,1,1,1,5,3,2,2,5
552,4,2,2,1,1,1,1,5,2,2,2,5
553,0,6,2,0,0,4,3,2,7,1,4,3
554,9,3,4,2,1,1,0,9,1,2,4,3
555,9,3,4,2,1,1,0,9,1,2,4,3
556,5,2,4,2,1,1,0,7,2,1,5,5
557,9,3,4,2,1,1,0,9,1,2,4,3
558,5,2,4,2,1,1,0,7,2,1,5,5
559,7,2,4,2,1,0,1,8,4,2,6,5
560,7,3,4,1,1,0,0,6,3,1,4,3
561,3,2,4,1,1,3,4,5,3,1,1,3
562,3,2,4,1,1,5,3,5,2,1,1,3
563,2,1,4,1,1,3,1,5,4,1,2,5
564,7,2,4,2,1,0,1,8,4,2,6,5
565,7,3,4,1,1,0,0,6,3,1,4,3
566,3,3,2,1,3,0,0,6,4,1,0,5
567,3,3,2,1,3,0,0,6,4,1,0,5
568,4,2,4,1,3,0,0,6,4,2,3,5
569,1,1,2,0,1,2,1,3,6,1,5,5
570,6,1,4,1,0,1,1,7,4,3,3,5
571,1,1,2,0,1,2,1,3,6,1,5,5
572,4,0,4,1,1,1,0,5,3,1,3,3
573,5,3,4,0,0,1,1,6,4,1,1,1
574,5,1,4,1,1,2,2,6,3,2,2,5
575,6,1,4,1,1,3,1,6,3,2,2,5
576,4,2,2,0,1,0,0,5,4,1,2,1
577,3,2,4,1,1,2,3,5,4,1,1,3
578,3,2,4,1,1,2,3,5,4,1,2,3
579,5,1,4,0,0,2,1,5,3,1,2,5
580,6,2,4,0,1,0,0,7,3,0,1,3
581,6,2,4,0,1,0,0,7,3,0,1,3
582,6,2,4,0,1,0,0,7,3,0,1,3
583,6,1,4,0,1,1,0,5,1,1,2,7
584,6,1,4,1,1,7,2,7,4,2,3,7
585,2,2,2,1,1,0,1,5,5,1,1,5
586,5,1,4,1,1,2,1,6,2,4,3,7
587,2,4,2,0,1,2,3,4,4,1,1,3
588,0,2,2,0,0,2,1,1,7,2,8,9
589,4,1,4,1,0,0,0,5,2,2,3,7
590,3,2,4,1,1,2,2,6,4,1,1,3
591,1,1,4,0,0,3,5,1,2,1,4,5
592,3,2,4,1,1,2,2,6,4,1,1,3
593,4,2,5,1,1,1,1,7,4,1,0,3
594,2,4,1,1,1,2,1,5,5,1,1,3
595,3,3,4,4,1,4,3,7,4,1,1,3
596,6,1,5,0,0,0,0,6,2,1,1,5
597,6,3,5,0,0,0,0,5,2,1,2,5
598,3,3,1,0,1,0,0,4,3,0,2,5
599,7,3,4,0,1,1,0,7,2,2,1,5
600,3,5,2,0,1,0,0,4,4,0,2,1
601,7,2,5,0,0,1,1,7,2,1,0,5
602,2,4,0,1,1,0,0,5,4,1,1,3
603,7,2,5,0,0,1,1,7,2,1,0,5
604,3,3,1,1,1,1,2,6,3,1,1,5
605,3,3,1,1,1,0,0,6,4,1,1,5
606,4,1,4,2,1,1,0,5,4,2,5,7
607,3,2,4,1,1,3,1,5,4,1,3,5
608,4,3,3,2,1,1,2,9,4,1,3,5
609,1,1,1,1,1,1,1,4,6,1,6,5
610,3,0,5,1,1,3,1,6,5,1,1,3
611,7,1,5,1,1,0,0,7,1,1,1,3
612,2,3,0,1,1,2,0,4,4,1,2,5
613,3,1,3,0,0,1,0,4,4,2,2,3
614,4,4,1,0,2,1,3,5,1,6,2,5
615,4,3,4,0,1,3,2,7,5,1,1,3
616,4,3,4,0,1,3,2,7,5,1,1,3
617,6,1,5,0,1,1,0,5,2,3,2,5
618,6,2,4,1,1,0,0,7,3,2,2,3
619,5,1,4,0,1,0,0,6,2,2,1,3
620,3,2,2,1,1,2,3,5,4,1,1,3
621,3,3,2,1,1,1,3,5,4,1,1,3
622,4,3,2,0,1,1,0,5,3,1,1,3
623,2,2,2,1,1,2,1,5,5,3,5,5
624,1,3,0,3,1,2,1,7,5,2,2,3
625,1,3,0,3,1,2,1,7,5,2,2,3
626,3,3,2,0,1,0,0,6,4,0,1,3
627,3,3,2,0,1,0,0,6,4,0,1,3
628,3,2,2,1,1,0,0,5,4,1,1,5
629,2,3,2,0,1,2,2,4,3,1,1,3
630,3,2,2,1,1,0,0,5,4,1,1,5
631,5,1,5,1,1,0,0,6,4,1,1,3
632,2,1,1,1,1,2,1,4,4,1,3,5
633,4,5,2,1,1,1,2,8,5,1,4,1
634,2,1,2,0,1,6,3,4,4,1,1,3
635,3,4,0,0,0,3,0,3,4,1,1,3
636,4,5,2,1,1,4,4,5,3,1,1,3
637,4,5,2,0,1,4,4,5,3,1,1,3
638,2,5,1,0,2,0,0,4,4,1,2,7
639,3,1,3,0,0,3,1,5,3,6,2,5
640,4,2,4,0,0,2,1,6,5,1,1,3
641,4,3,4,0,0,2,2,6,5,1,1,3
642,4,2,4,0,0,2,1,6,5,1,1,3
643,4,3,4,0,0,2,2,6,5,1,1,3
644,4,2,4,0,0,2,1,6,5,1,1,3
645,2,3,0,3,1,0,0,6,4,2,2,7
646,2,3,0,1,1,0,0,5,5,1,2,3
647,3,4,0,0,0,0,0,4,4,1,3,1
648,3,2,2,1,0,1,0,4,4,2,4,7
649,1,2,2,5,0,3,5,3,3,1,4,5
650,5,2,3,0,1,0,0,6,1,1,1,3
651,4,5,2,1,1,4,5,8,5,2,4,3
652,9,1,6,4,1,2,2,5,1,3,9,3
653,4,1,5,1,1,1,0,5,2,1,5,5
654,3,2,4,1,1,0,0,5,2,0,1,3
655,4,2,1,1,1,2,1,7,3,1,1,3
656,5,2,3,0,1,0,0,6,1,1,1,3
657,6,2,5,0,1,3,1,5,1,2,3,7
658,2,2,0,0,1,0,0,5,4,2,1,5
659,2,4,0,2,1,0,0,5,5,1,3,1
660,2,2,0,0,1,0,0,5,4,2,1,5
661,2,2,3,0,1,1,1,5,4,1,0,3
662,2,3,0,0,1,1,0,5,4,2,1,5
663,4,1,4,0,0,0,0,5,2,2,2,5
664,6,1,5,0,1,1,1,7,2,1,2,3
665,4,3,1,0,1,3,1,5,3,1,1,3
666,3,2,3,0,3,0,0,5,3,1,1,5
667,5,1,4,0,1,0,0,6,1,1,1,5
668,4,4,4,0,0,1,0,4,3,1,3,3
669,5,1,4,0,1,0,0,6,1,1,1,5
670,2,1,2,1,1,4,1,4,4,1,2,3
671,3,4,2,0,1,0,0,4,3,1,1,3
672,4,7,3,0,1,4,5,5,3,1,1,3
673,3,4,2,0,1,0,0,4,3,1,1,3
674,5,1,4,0,1,0,0,6,2,2,1,5
675,4,1,3,0,0,1,0,6,4,1,2,3
676,5,1,4,0,1,0,0,6,2,2,1,5
677,3,4,1,0,1,1,0,5,5,0,2,3
678,3,4,0,1,1,6,2,6,5,1,2,3
679,5,0,4,1,0,2,1,5,3,1,1,3
680,7,2,5,0,0,1,1,7,2,0,0,3
681,3,2,2,0,1,2,0,4,3,0,2,5
682,3,2,3,0,1,4,1,5,4,1,2,3
683,3,4,2,1,0,0,0,5,4,1,4,3
684,4,5,3,0,1,4,5,5,4,0,1,3
685,3,4,2,1,0,0,0,5,4,1,4,3
686,2,3,1,0,0,1,1,5,5,1,1,3
687,3,3,2,1,1,1,1,7,4,1,1,3
688,2,3,0,0,0,0,0,4,5,0,1,3
689,3,1,4,0,2,0,0,5,4,4,1,3
690,2,7,0,2,1,0,0,4,7,1,3,0
691,4,5,2,1,1,1,3,7,5,1,2,3
692,3,2,5,0,6,2,1,5,2,5,0,3
693,3,2,3,1,1,2,4,6,4,1,1,3
694,3,2,3,1,1,3,4,6,4,1,1,3
695,0,2,0,0,0,2,1,1,9,1,6,5
696,2,3,0,0,0,0,0,5,5,2,1,5
697,2,3,0,0,0,0,0,5,5,2,1,5
698,4,3,2,1,1,2,2,7,4,1,1,3
699,6,1,5,0,0,0,0,6,2,1,3,5
700,5,6,4,1,1,3,2,6,2,1,2,5
701,2,3,0,0,0,0,0,5,5,2,1,5
702,2,3,0,0,0,1,0,5,5,2,1,5
703,2,1,4,1,1,2,2,5,4,2,1,1
704,3,4,0,0,1,0,0,5,4,1,1,1
705,3,6,1,3,1,1,1,6,4,0,2,3
706,2,4,0,0,1,1,0,4,5,0,2,3
707,2,2,1,1,1,2,1,4,4,1,3,3
708,2,2,1,1,0,1,1,4,4,1,4,5
709,4,1,4,0,0,1,0,6,4,1,2,5
710,5,6,4,1,1,2,2,6,2,1,2,3
711,3,3,3,1,1,2,3,7,5,1,1,3
712,3,3,0,1,1,1,0,6,4,0,1,3
713,3,2,3,0,1,1,1,5,4,0,1,3
714,4,4,2,1,1,2,2,5,4,1,2,3
715,2,2,1,1,0,1,0,4,4,0,1,5
716,3,2,3,0,1,1,1,5,4,0,1,3
717,2,2,1,1,1,1,1,4,3,1,2,3
718,3,3,0,0,1,1,0,5,3,0,1,3
719,2,3,0,2,1,2,1,5,5,1,1,3
720,3,3,0,0,1,1,0,5,3,0,1,3
721,3,2,2,1,1,4,3,5,2,1,1,3
722,2,2,0,1,1,1,1,4,3,1,2,3
723,2,1,2,0,0,4,4,4,1,7,1,3
724,2,6,0,1,1,0,0,4,6,1,4,1
725,3,3,1,1,1,0,0,5,4,1,3,3
726,3,4,0,1,1,2,1,6,5,2,4,5
727,1,3,0,0,0,0,0,5,5,2,1,3
728,1,3,0,0,0,0,0,5,5,2,1,3
729,1,5,0,1,0,3,1,3,6,0,6,5
730,4,2,6,0,6,1,1,5,3,2,1,3
731,3,5,1,1,1,0,0,6,5,1,4,3
732,2,4,0,0,1,1,0,4,5,0,1,3
733,2,2,3,1,1,2,2,5,6,1,1,3
734,2,3,1,0,1,1,1,6,5,1,1,3
735,2,5,0,0,1,1,0,4,4,1,1,3
736,2,5,0,0,1,1,0,4,4,1,1,3
737,3,3,0,1,1,2,1,7,5,1,1,5
738,3,2,2,1,1,3,3,6,2,1,1,3
739,3,3,0,1,1,2,1,6,4,1,1,3
740,3,4,2,2,1,1,0,4,5,2,4,5
741,4,2,2,1,1,3,4,5,3,1,1,3
742,1,3,0,0,0,1,0,5,5,1,1,3
743,6,1,5,1,1,3,3,7,3,1,2,3
744,5,1,5,1,1,2,3,7,3,1,1,3
745,2,2,1,0,0,1,0,5,6,2,1,5
746,3,1,3,1,1,1,1,5,4,0,0,5
747,3,1,3,1,1,2,2,5,4,0,1,3
748,2,2,1,0,0,1,0,5,6,2,1,5
749,2,2,1,0,0,1,0,5,6,2,1,5
750,3,3,0,1,1,2,1,5,4,1,1,3
751,3,3,0,1,1,2,1,5,4,1,1,3
752,2,2,1,1,1,3,2,5,5,1,1,3
753,3,3,0,1,1,2,1,5,4,1,1,3
754,2,2,6,0,6,1,0,4,2,4,1,5
755,2,5,0,0,0,2,1,3,6,0,3,5
756,1,5,0,0,0,1,0,3,6,0,4,5
757,3,5,0,0,1,1,0,4,4,1,2,3
758,3,5,0,0,1,1,0,4,4,1,2,3
759,3,2,2,1,1,4,2,5,3,1,1,3
760,3,3,2,1,1,1,3,5,3,1,1,3
761,4,3,2,0,1,0,1,5,4,0,1,3
762,3,3,0,0,0,0,0,5,4,1,2,5
763,4,3,2,0,1,0,1,5,4,0,1,3
764,3,3,1,1,1,1,1,6,4,1,1,5
765,4,3,0,1,1,1,1,6,4,1,1,5
766,3,3,1,1,1,1,2,5,3,1,1,3
767,2,3,3,1,1,1,3,6,5,1,1,3
768,2,3,0,0,1,3,3,5,6,1,1,5
769,2,4,0,0,1,0,0,4,5,1,1,3
770,2,3,0,0,1,3,3,5,6,1,1,5
771,4,3,2,1,1,3,4,5,4,1,1,3
772,4,3,2,0,1,3,4,5,4,1,1,3
773,2,1,2,0,2,0,1,5,4,3,1,5
774,2,1,2,0,2,0,1,5,4,3,1,5
775,2,6,0,1,1,0,0,4,5,0,2,3
776,2,4,1,1,3,0,1,4,5,1,2,5
777,2,3,1,1,3,0,0,4,5,1,2,5
778,3,2,2,1,1,0,0,5,4,1,3,3
779,2,2,0,1,1,2,3,5,5,1,2,3
780,2,3,0,0,2,1,1,4,4,1,1,5
781,1,2,1,1,1,1,1,5,7,1,2,3
782,3,4,0,1,1,3,3,5,4,1,2,3
783,1,2,1,1,1,1,1,5,7,1,2,3
784,2,3,0,1,1,2,2,5,6,1,2,3
785,4,1,4,0,1,1,1,5,3,1,1,3
786,4,1,4,0,1,1,1,5,3,1,1,3
787,4,3,2,0,1,2,1,6,3,1,2,5
788,4,3,2,0,1,2,1,6,3,1,2,5
789,3,3,1,1,1,2,3,5,2,1,1,3
790,2,1,4,1,1,2,2,5,4,2,1,5
791,3,3,1,1,1,3,4,5,3,1,1,3
792,2,3,0,1,1,2,2,5,5,1,1,5
793,2,3,0,1,0,0,0,4,5,1,3,3
794,4,1,5,0,0,0,0,3,3,1,6,5
795,5,5,2,1,2,0,1,5,1,5,2,3
796,3,2,3,1,1,3,2,5,2,2,1,3
797,4,1,4,0,0,2,1,3,3,2,3,7
798,4,2,3,1,1,0,0,6,4,1,3,5
799,4,2,3,1,1,0,0,6,4,1,3,5
800,2,3,0,2,1,3,3,4,4,1,1,3
801,3,2,0,1,0,0,0,5,3,0,2,3
802,0,3,0,0,0,1,2,1,6,3,6,7
803,2,3,0,1,1,1,1,5,3,1,1,5
804,3,2,2,1,1,0,0,4,4,1,2,5
805,3,1,3,1,0,0,0,2,4,2,6,7
806,3,0,3,0,0,0,0,2,4,2,6,7
807,3,1,3,1,0,0,0,2,4,2,6,7
808,2,2,1,0,2,0,0,5,4,3,1,3
809,2,2,3,1,0,0,0,5,3,1,2,5
810,2,2,0,1,0,0,0,4,4,0,3,3
811,7,2,5,1,1,0,0,7,2,2,3,5
812,5,2,3,1,1,2,1,5,3,2,3,3
813,2,1,2,0,1,0,0,3,5,1,4,1
814,7,1,5,1,1,2,1,6,3,2,4,5
815,5,2,3,1,1,2,1,5,3,2,3,3
816,4,2,1,1,1,0,0,6,3,1,3,5
817,5,1,4,0,1,2,0,3,4,2,5,5
818,2,4,0,0,0,2,1,4,4,0,1,3
819,3,3,1,1,1,1,1,7,4,1,1,3
820,2,3,0,0,1,1,0,4,4,1,1,3
821,0,2,0,0,0,2,1,1,7,2,8,7
822,1,2,1,0,1,1,1,5,6,1,2,3
823,1,2,1,0,1,1,1,5,6,1,2,3
824,2,2,2,1,0,0,0,4,3,1,2,3
825,2,2,1,1,1,1,1,4,4,0,3,3
826,2,1,3,0,0,0,0,3,5,1,3,7
827,2,2,1,1,1,1,1,4,4,0,3,3
828,2,3,0,0,0,4,1,3,5,2,6,9
829,1,3,0,0,0,2,0,2,6,2,4,5
830,2,3,0,1,0,0,0,4,5,1,3,1
831,1,3,0,0,0,2,0,2,6,2,4,5
832,5,2,4,0,2,4,1,6,5,3,2,0
833,6,2,4,0,2,4,1,6,5,3,2,1
834,3,3,2,0,1,2,0,5,4,0,1,3
835,2,3,0,0,0,3,1,4,5,1,1,3
836,1,1,2,1,0,4,3,0,4,0,5,7
837,1,1,2,1,0,4,3,0,4,0,5,7
838,4,1,3,0,1,1,0,4,3,2,4,7
839,1,2,0,0,1,1,0,4,5,0,2,3
840,5,2,4,1,1,1,0,5,3,2,5,7
841,1,3,0,1,1,2,0,4,5,1,2,3
842,5,2,4,1,1,4,2,5,3,2,3,5
843,2,3,3,0,1,1,3,4,4,1,1,3
844,4,0,4,0,0,3,1,4,3,2,3,5
845,1,3,2,0,1,1,0,5,6,1,2,3
846,1,3,2,0,1,1,0,5,6,1,2,3
847,2,3,1,0,1,1,1,5,5,2,2,5
848,1,3,2,0,1,1,0,5,6,1,2,3
849,1,3,2,0,1,1,0,5,6,1,2,3
850,4,2,4,0,1,1,0,5,4,1,1,3
851,4,2,4,0,1,1,0,5,4,1,1,3
852,3,2,3,1,1,3,4,5,3,4,1,3
853,4,1,3,0,1,5,1,4,5,2,3,5
854,4,1,3,0,1,5,1,4,5,2,3,5
855,2,4,0,1,0,1,0,3,6,2,5,7
856,4,1,3,0,1,5,1,4,5,2,3,5
857,3,0,3,1,1,2,1,4,5,2,4,7
858,6,1,4,0,0,2,0,4,3,2,3,7
859,1,3,2,0,1,1,0,3,5,2,4,5
860,2,3,0,1,1,1,2,5,6,1,1,3
861,1,6,6,0,0,1,2,2,7,1,4,5
862,2,2,3,1,0,0,0,4,3,0,3,3
863,2,3,0,1,1,2,2,5,6,1,1,3
864,2,3,0,1,1,1,2,5,6,1,1,3
865,2,3,0,1,1,2,2,5,6,1,1,3
866,1,2,2,0,0,1,0,3,5,2,4,5
867,2,2,2,0,1,1,0,3,5,3,4,5
868,1,3,2,0,1,1,0,3,5,2,4,5
869,2,3,0,0,1,3,1,4,5,1,3,5
870,2,4,0,0,0,4,1,2,5,1,5,5
871,2,3,0,0,1,4,1,3,6,1,3,3
872,2,1,2,0,0,3,1,4,5,1,2,1
873,3,0,3,0,0,0,0,4,3,1,4,7
874,5,1,4,0,1,0,0,4,2,1,5,7
875,3,1,3,1,1,0,0,4,4,2,5,7
876,2,2,0,0,0,0,0,3,5,1,3,1
877,2,4,0,0,0,4,1,2,5,1,5,5
878,3,3,1,2,1,4,2,5,3,1,2,5
879,2,3,0,1,1,2,2,5,6,1,1,3
880,4,3,1,0,1,1,0,4,3,0,2,3
881,2,4,0,0,0,4,1,3,5,1,4,5
882,3,1,2,1,3,1,0,3,3,2,5,5
883,2,3,0,1,1,2,2,5,6,1,1,3
884,3,3,1,2,1,4,2,5,3,1,2,5
885,3,4,1,1,1,1,0,5,4,1,3,3
886,3,4,1,1,1,0,0,6,4,1,3,5
887,5,2,3,1,0,3,1,4,3,2,5,7
888,1,3,0,1,1,4,2,3,5,1,4,5
889,5,5,3,3,1,3,3,9,3,2,1,3
890,2,1,2,0,0,4,1,4,5,1,2,3
891,2,3,0,0,1,2,2,5,6,1,1,3
892,4,2,2,0,1,1,0,5,3,1,1,5
893,2,3,0,0,1,2,2,5,6,1,1,3
894,2,3,0,0,1,2,2,5,6,1,2,5
895,2,3,0,0,1,3,1,3,5,1,3,5
896,3,1,3,1,1,2,1,3,4,2,6,7
897,2,3,0,0,1,3,1,3,5,1,3,5
898,3,1,3,1,1,2,1,3,4,2,6,7
899,3,6,0,1,1,0,0,6,5,0,3,0
900,3,1,3,1,0,1,1,4,5,2,5,3
901,2,3,0,1,1,2,0,5,6,2,3,7
902,2,3,0,1,1,2,0,5,6,2,3,7
903,1,3,0,3,0,1,0,4,5,1,3,7
904,1,3,0,3,0,1,0,4,5,1,3,7
905,4,3,1,1,1,1,3,5,3,1,1,3
906,2,2,2,1,1,1,2,4,5,2,3,3
907,1,3,0,0,1,0,0,3,6,1,4,5
908,2,2,1,1,1,4,1,3,5,1,3,5
909,2,1,3,0,0,0,0,2,4,1,4,5
910,4,1,4,1,2,0,0,4,3,1,7,5
911,3,1,4,5,1,0,0,6,3,1,3,5
912,4,2,4,1,0,0,0,4,4,1,5,5
913,4,1,4,2,1,0,0,4,4,1,5,7
914,2,1,3,0,0,0,0,2,4,1,4,5
915,3,1,3,0,1,0,0,3,4,2,5,5
916,0,4,1,0,2,0,1,2,6,1,3,3
917,1,1,3,5,1,3,1,5,5,1,2,5
918,3,1,3,0,1,4,2,4,4,2,3,5
919,3,3,1,0,1,5,1,3,5,3,5,5
920,4,1,3,0,1,1,0,5,3,1,3,3
921,3,1,3,0,1,4,2,4,4,2,3,5
922,3,3,1,0,1,5,1,3,5,3,5,5
923,1,1,3,5,1,3,1,5,5,1,2,5
924,3,2,2,0,0,1,0,3,3,2,4,3
925,3,0,3,0,0,7,2,4,5,3,3,7
926,4,0,3,0,0,7,2,5,5,3,2,5
927,3,3,1,0,1,1,2,5,3,1,1,1
928,3,2,2,0,0,1,0,3,3,2,4,3
929,3,1,3,1,0,1,0,3,4,2,5,7
930,1,3,0,0,1,0,0,5,7,2,3,3
931,2,3,0,0,1,1,1,5,5,1,2,3
932,2,1,2,0,1,3,2,5,5,1,1,5
933,2,3,0,0,1,1,1,5,5,1,2,3
934,1,3,0,0,1,0,0,5,7,2,3,3
935,3,1,3,0,0,2,2,3,5,2,5,5
936,3,1,3,0,0,2,2,3,5,2,5,5
937,6,3,4,0,0,0,0,5,2,1,3,1
938,2,1,3,1,0,3,1,2,4,2,6,7
939,1,2,1,0,1,0,0,3,6,1,4,3
940,4,1,5,0,1,1,0,3,4,2,6,7
941,4,1,4,2,1,1,0,3,3,1,6,7
942,4,2,3,1,1,1,1,6,3,1,2,7
943,4,2,3,0,1,1,1,6,3,1,1,7
944,3,1,4,1,1,1,0,3,4,1,5,7
945,4,2,4,0,0,0,0,4,3,2,4,7
946,4,2,5,2,1,1,0,5,4,3,5,7
947,3,1,4,0,1,0,0,2,4,1,6,7
948,3,0,4,0,1,1,0,4,5,2,5,7
949,3,0,4,0,1,1,0,4,5,2,5,7
950,3,0,4,0,1,1,0,4,5,2,5,7
951,3,1,4,0,1,0,0,2,4,1,6,7
952,3,1,3,0,0,0,0,3,4,2,4,7
953,4,1,4,0,0,0,0,3,3,2,5,7
954,2,2,3,1,1,0,0,3,5,1,5,5
955,3,0,5,0,1,1,0,4,4,2,3,3
956,3,1,5,0,1,0,0,4,4,1,4,5
957,4,1,5,0,1,1,1,4,4,1,4,5
958,1,3,1,0,1,3,1,3,5,2,4,7
959,3,3,0,0,1,1,0,5,4,1,2,3
960,3,2,2,0,0,2,1,3,3,3,4,5
961,2,3,1,0,1,0,0,4,4,1,1,3
962,1,3,0,0,1,0,0,4,5,2,1,3
963,3,1,3,0,1,2,0,3,3,2,4,5
964,3,2,2,0,0,2,1,3,3,3,4,5
965,3,1,3,1,0,3,1,4,4,3,3,5
966,3,1,4,1,1,0,0,4,3,1,5,7
967,3,3,1,0,1,3,3,5,3,0,1,3
968,3,1,4,1,0,3,1,3,3,1,5,5
969,1,3,0,1,1,0,0,4,5,1,2,3
970,5,0,4,0,0,0,0,5,4,3,3,5
971,5,0,4,0,0,0,0,5,4,3,3,5
972,4,1,4,1,1,0,0,4,3,1,4,7
973,3,1,4,0,1,0,0,4,6,1,3,3
974,3,1,4,3,1,0,0,4,4,1,5,7
975,2,1,2,0,1,4,2,5,5,1,1,3
976,2,1,2,0,1,4,2,5,5,1,1,3
977,3,3,2,1,1,4,3,5,3,1,1,3
978,2,1,3,1,0,1,0,3,4,0,4,7
979,6,2,4,0,1,0,0,5,3,1,3,3
980,3,2,2,0,0,0,0,5,4,2,3,5
981,4,5,2,0,1,1,0,5,4,1,2,3
982,2,2,3,0,0,7,2,3,4,2,6,5
983,3,2,2,0,0,0,0,5,4,2,3,5
984,6,2,4,0,1,0,0,5,3,1,3,3
985,2,3,0,0,0,0,0,4,5,1,4,5
986,4,1,3,0,0,0,0,3,3,1,4,7
987,2,1,2,0,1,4,2,5,5,1,1,3
988,2,1,1,0,1,2,0,4,3,0,1,3
989,4,1,3,0,1,1,0,4,3,1,3,5
990,2,1,1,0,1,2,0,4,3,0,1,3
991,2,1,2,0,1,4,2,5,5,0,1,3
992,1,1,0,0,1,4,1,4,4,0,1,5
993,2,1,2,0,1,4,2,5,5,0,1,3
994,4,1,4,1,1,2,2,6,3,0,1,3
995,2,3,0,0,1,2,1,5,5,1,2,5
996,0,3,0,0,1,0,0,2,7,1,6,7
997,0,3,0,0,1,0,0,2,7,1,6,7
998,3,4,3,0,0,0,0,4,2,0,1,5
999,1,3,0,0,0,0,0,1,5,1,6,5
1000,2,2,2,0,0,0,0,3,5,2,4,7
1001,4,1,3,0,0,4,1,4,4,2,3,7
1002,3,1,3,0,0,1,0,3,4,3,5,7
1003,1,1,3,0,0,0,0,2,4,1,6,7
1004,3,2,2,0,1,3,1,4,4,1,2,3
1005,1,1,3,0,0,0,0,2,4,1,6,7
1006,3,1,3,0,0,1,0,3,4,3,5,7
1007,3,1,3,0,0,1,0,3,4,3,5,7
1008,3,1,3,1,1,1,0,3,3,2,5,7
1009,4,2,3,1,1,3,1,5,3,2,3,3
1010,3,1,4,0,0,0,0,2,4,1,5,7
1011,3,1,3,0,1,1,0,4,3,1,3,5
1012,2,6,1,0,1,1,0,4,3,0,2,3
1013,2,4,0,0,1,2,0,4,5,1,2,5
1014,3,3,1,0,1,0,0,3,3,1,4,5
1015,5,1,4,0,1,1,0,4,2,3,4,5
1016,3,1,3,0,0,1,0,3,4,2,6,7
1017,3,0,3,0,0,4,3,0,1,0,6,5
1018,3,0,3,0,0,4,3,0,1,0,6,5
1019,2,2,1,0,1,1,0,4,6,1,3,3
1020,5,1,6,1,1,0,0,4,3,1,5,5
1021,5,1,6,1,1,0,0,4,3,1,5,5
1022,2,2,0,0,0,0,0,4,4,1,3,3
1023,3,1,4,0,1,0,0,3,4,1,5,5
1024,2,3,0,0,1,1,0,4,4,1,3,7
1025,3,4,0,1,1,2,1,5,4,1,3,5
1026,2,1,3,0,0,1,1,2,5,1,6,5
1027,1,4,0,0,0,3,1,2,5,1,4,3
1028,2,1,2,1,1,5,2,4,4,1,2,5
1029,2,3,0,0,1,1,0,4,4,1,3,7
1030,2,3,0,0,1,1,0,3,5,1,4,7
1031,2,2,0,0,1,1,0,3,4,1,3,7
1032,3,4,0,2,1,0,0,6,4,1,1,3
1033,2,3,0,1,1,1,0,4,4,1,3,5
1034,3,4,1,1,1,1,1,5,3,0,1,5
1035,4,1,3,1,1,0,0,4,3,1,3,7
1036,2,1,3,1,1,3,1,2,3,1,6,7
1037,2,5,0,0,1,2,1,4,4,1,1,3
1038,3,1,4,3,1,3,1,3,3,2,6,7
1039,3,2,2,0,1,2,1,5,4,2,4,5
1040,2,5,0,0,1,2,0,5,6,2,2,3
1041,2,2,1,0,1,1,0,3,5,1,2,5
1042,3,2,2,0,1,2,1,5,4,2,4,5
1043,4,1,4,5,0,2,1,6,4,2,3,7
1044,1,1,3,1,0,1,1,2,4,1,5,5
1045,2,2,0,0,0,4,1,3,4,1,4,5
1046,2,4,0,0,1,4,1,4,4,1,3,5
1047,2,2,1,0,1,3,1,4,5,1,3,3
1048,4,2,3,0,1,0,0,5,4,2,3,5
1049,4,2,3,0,1,0,0,5,4,2,3,5
1050,2,2,1,0,1,3,1,4,5,1,3,3
1051,3,2,5,0,6,2,1,5,2,6,1,3
1052,0,3,0,1,1,2,0,1,6,1,6,3
1053,3,1,4,0,0,1,0,3,5,2,6,7
1054,3,3,2,0,1,0,2,5,3,1,1,5
1055,3,3,2,0,1,0,2,5,3,1,1,5
1056,3,2,5,2,1,0,0,4,3,1,5,7
1057,2,2,2,2,1,3,2,5,3,1,1,3
1058,4,2,5,1,1,4,1,5,3,2,4,7
1059,3,2,5,2,1,0,0,4,3,1,5,7
1060,6,0,5,0,1,0,0,5,3,2,2,5
1061,3,1,4,0,0,0,0,3,3,2,6,9
1062,3,1,4,0,1,0,0,4,4,1,4,5
1063,4,1,6,1,1,0,0,4,3,1,5,5
1064,3,4,0,0,0,0,0,3,4,1,5,5
1065,2,3,1,1,1,0,0,4,4,1,2,5
1066,1,2,0,1,0,1,0,2,5,2,6,7
1067,5,1,5,0,0,0,0,4,2,2,3,7
1068,5,1,5,0,0,0,0,4,2,2,3,7
1069,3,3,3,1,1,3,1,5,4,1,3,3
1070,4,1,4,0,0,2,1,3,3,3,4,7
1071,2,4,1,4,1,4,3,6,3,1,1,3
1072,2,1,2,0,1,4,2,4,5,1,1,5
1073,3,3,3,1,1,2,1,5,4,1,3,5
1074,2,4,1,4,1,4,3,6,3,1,1,3
1075,3,0,3,0,0,6,2,5,5,3,2,7
1076,4,1,5,0,1,0,0,3,3,2,4,5
1077,3,1,6,3,1,0,0,5,4,1,3,3
1078,3,1,6,3,1,0,0,5,4,1,3,3
1079,2,1,6,5,0,5,9,2,2,1,5,7
1080,5,1,5,0,0,0,0,3,3,1,5,5
1081,2,1,6,5,0,5,9,2,2,1,5,7
1082,2,1,2,0,1,4,2,4,5,1,1,5
1083,3,2,4,1,1,4,1,4,4,2,5,5
1084,2,1,2,0,1,4,2,4,5,1,1,5
1085,1,2,0,0,1,5,2,3,2,0,1,3
1086,3,1,3,2,0,0,0,5,5,1,4,7
1087,2,0,4,0,0,2,0,2,4,2,4,5
1088,6,1,5,0,1,2,1,5,2,2,2,7
1089,6,1,5,0,1,2,1,5,2,2,2,7
1090,4,0,5,0,1,5,2,3,1,1,5,9
1091,2,1,4,0,1,0,0,3,4,1,4,5
1092,2,2,0,0,1,1,0,3,5,1,4,5
1093,4,1,3,0,1,1,0,4,4,3,5,7
1094,1,4,0,3,1,1,0,4,4,0,3,5
1095,4,1,4,1,1,0,0,5,3,1,3,3
1096,1,4,0,3,1,1,0,4,4,0,3,5
1097,3,2,3,0,1,0,0,4,3,1,1,3
1098,3,1,4,0,3,0,0,2,3,2,6,7
1099,3,2,3,0,1,0,0,4,3,1,1,3
1100,3,1,4,0,1,3,1,2,2,2,6,5
1101,2,2,2,0,0,1,0,2,4,1,5,5
1102,1,2,0,0,1,2,0,2,5,1,4,5
1103,2,2,2,0,0,1,0,2,4,1,5,5
1104,3,2,3,0,1,2,0,2,4,1,6,5
1105,1,3,2,0,0,1,1,2,5,1,6,3
1106,3,0,4,0,0,1,0,2,3,1,5,5
1107,3,1,4,0,0,1,0,3,4,3,5,7
1108,3,4,0,1,1,0,0,6,4,0,1,3
1109,5,2,4,0,2,3,2,5,3,2,3,5
1110,3,2,0,0,0,0,0,4,4,1,2,5
1111,0,2,2,0,1,3,1,3,8,1,5,7
1112,2,1,4,0,0,0,1,2,4,2,3,5
1113,3,0,3,0,1,0,0,5,2,1,1,5
1114,0,1,4,2,0,3,2,0,5,1,7,5
1115,2,3,0,1,1,1,0,4,5,1,4,5
1116,2,3,0,1,1,1,0,4,5,1,4,5
1117,2,3,0,1,1,1,0,4,5,1,4,5
1118,2,1,1,0,0,1,0,1,4,1,7,5
1119,0,3,0,1,0,0,0,1,6,1,6,3
1120,2,2,3,1,1,0,0,1,3,2,7,9
1121,1,2,0,0,0,2,0,2,5,1,5,5
1122,1,2,0,0,0,3,0,1,5,0,5,5
1123,5,1,3,0,1,2,0,4,2,1,4,5
1124,1,3,0,0,1,0,0,4,6,1,4,1
1125,3,0,3,0,0,1,0,2,3,1,4,7
1126,1,1,2,0,0,0,0,1,5,1,7,5
1127,1,4,0,1,1,3,1,2,6,1,4,5
1128,4,2,3,1,1,3,2,6,3,2,2,3
1129,5,2,3,1,1,3,2,5,3,2,3,5
1130,3,3,0,0,0,0,0,5,3,1,3,5
1131,1,0,2,0,0,7,4,2,4,0,1,3
1132,2,1,3,0,1,2,1,2,5,3,7,7
1133,2,2,0,3,1,1,0,4,4,2,4,7
1134,3,1,3,0,0,0,0,3,4,2,5,7
1135,3,0,4,0,0,2,1,3,5,1,5,5
1136,5,2,4,0,1,0,0,5,3,2,4,5
1137,5,2,4,0,1,0,0,5,3,2,4,5
1138,2,1,1,1,1,3,3,5,3,1,1,3
1139,3,2,2,0,1,2,2,5,4,1,1,5
1140,2,1,2,0,1,4,2,5,5,1,1,5
1141,3,1,3,1,1,3,2,4,4,3,3,5
1142,2,2,1,1,0,0,0,2,4,1,4,5
1143,2,0,2,0,0,2,0,4,6,2,2,5
1144,2,1,2,0,0,4,2,4,5,1,2,3
1145,3,0,4,1,1,4,1,4,6,2,3,5
1146,2,2,1,0,2,0,0,4,4,3,2,5
1147,4,1,4,3,0,0,0,5,3,0,5,7
1148,2,1,4,0,1,1,0,3,5,1,4,5
1149,4,1,4,0,0,0,0,4,3,1,5,5
1150,3,1,3,1,0,0,0,3,4,2,6,7
1151,1,3,2,1,0,2,2,2,5,1,6,5
1152,3,3,2,0,1,1,1,4,3,1,2,3
1153,4,2,3,0,1,2,1,4,3,1,4,5
1154,1,3,0,0,1,6,2,3,6,2,4,5
1155,3,3,2,0,1,1,1,4,3,1,2,3
1156,3,0,5,0,0,6,2,3,4,2,5,7
1157,0,2,1,0,0,2,3,1,5,3,6,7
1158,1,1,4,1,1,2,1,4,5,4,3,5
1159,4,1,4,0,1,1,1,5,3,2,3,3
1160,5,1,5,0,1,0,0,4,3,2,4,7
1161,3,2,4,0,1,1,0,3,3,2,2,5
1162,3,1,4,0,1,1,0,3,3,2,5,7
1163,3,4,2,0,1,1,0,5,4,2,2,3
1164,3,4,2,0,1,1,0,5,4,2,2,3
1165,3,2,4,0,5,1,1,4,2,4,1,3
1166,4,2,2,0,1,0,1,5,1,3,2,3
1167,3,1,3,1,1,3,1,3,4,3,6,7
1168,1,1,2,1,0,0,1,2,3,1,5,5
1169,2,2,2,0,1,0,0,3,4,1,4,5
1170,4,1,3,0,0,0,0,4,3,2,3,5
1171,2,3,0,0,1,3,1,3,5,2,3,5
1172,4,2,4,0,1,0,0,4,4,2,5,5
1173,2,1,3,0,1,3,2,5,5,1,1,5
1174,2,1,3,0,1,3,2,5,5,1,1,5
1175,1,3,0,0,1,6,1,3,6,2,4,5
1176,1,5,0,3,1,3,1,4,6,1,4,1
1177,2,3,0,1,0,0,0,2,4,1,6,7
1178,0,5,0,0,0,2,2,2,7,2,4,3
1179,3,1,3,1,1,1,1,4,4,2,3,5
1180,3,1,3,1,1,1,1,4,4,2,3,5
1181,4,1,4,0,0,0,0,3,3,0,4,3
1182,4,1,3,1,0,5,1,5,5,3,3,5
1183,1,3,0,0,0,2,1,4,4,1,1,3
1184,1,3,2,0,1,1,3,3,4,2,3,3
1185,2,2,2,0,1,0,1,2,4,0,5,5
1186,1,4,0,4,1,0,0,4,6,1,5,3
1187,2,2,2,0,1,0,1,2,4,0,5,5
1188,1,3,2,0,1,1,3,3,4,2,3,3
1189,3,5,0,0,1,0,0,4,4,0,1,1
1190,3,1,5,2,1,0,0,4,4,1,6,5
1191,1,5,0,0,2,0,0,3,6,1,3,3
1192,2,0,3,1,0,1,1,3,6,2,6,7
1193,1,5,0,0,2,0,0,3,6,1,3,3
1194,2,4,1,0,1,1,2,4,3,1,1,5
1195,1,2,2,0,1,2,1,4,6,1,1,5
1196,2,3,2,0,1,3,3,4,3,1,1,5
1197,2,3,2,0,0,0,0,3,3,1,2,5
1198,2,0,2,0,0,2,2,3,3,2,3,5
1199,2,3,2,0,1,3,3,4,3,1,1,5
1200,2,3,2,0,0,0,0,3,3,1,2,5
1201,2,1,3,0,0,0,0,3,4,1,4,7
1202,3,2,3,0,0,0,0,3,4,2,5,9
1203,4,4,1,3,1,4,2,6,3,1,1,3
1204,2,1,4,0,1,3,1,3,5,3,3,7
1205,2,1,4,0,1,3,1,3,5,3,3,7
1206,2,1,4,0,1,3,1,3,5,3,3,7
1207,4,4,5,0,2,3,1,5,4,3,2,3
1208,2,1,4,0,1,3,1,3,5,3,3,7
1209,1,1,4,0,0,1,0,3,5,3,4,7
1210,1,3,0,0,1,0,0,3,4,1,3,5
1211,1,2,1,0,1,2,1,4,4,1,1,3
1212,1,3,0,0,1,0,0,3,4,1,3,5
1213,4,1,4,0,0,0,0,4,3,2,3,5
1214,4,1,4,0,1,0,0,4,2,0,3,5
1215,3,1,4,0,1,2,0,3,4,1,4,5
1216,2,3,3,0,1,1,2,4,4,2,1,5
1217,3,1,3,0,0,5,2,2,3,2,5,5
1218,3,1,3,0,1,0,0,4,3,2,3,5
1219,3,1,3,0,0,3,1,3,3,2,3,5
1220,5,1,5,0,2,2,1,5,4,2,4,5
1221,5,1,5,0,2,2,1,5,4,2,4,5
1222,3,2,2,0,1,4,2,4,4,0,1,5
1223,5,1,4,0,1,1,0,4,3,2,5,5
1224,7,1,4,1,1,0,0,6,2,2,2,5
1225,4,2,2,1,1,2,2,6,3,1,1,3
1226,2,3,0,2,1,3,1,4,2,0,1,3
1227,3,3,2,0,1,0,0,5,4,2,1,3
1228,0,2,0,0,0,2,2,1,7,2,7,7
1229,2,2,2,0,1,2,2,5,5,1,1,3
1230,2,0,3,1,0,1,1,3,4,2,5,5
1231,2,4,0,1,1,6,2,4,5,1,3,3
1232,2,2,2,0,1,2,2,5,5,1,1,3
1233,4,0,3,0,0,1,1,4,3,0,1,1
1234,2,4,0,0,0,1,0,1,5,0,6,5
1235,1,1,3,8,0,0,3,4,4,1,4,1
1236,2,2,0,0,0,0,0,4,4,1,1,5
1237,2,4,0,0,0,1,0,1,5,0,6,5
1238,3,4,0,1,1,1,0,5,5,0,1,1
1239,1,3,0,2,0,1,0,3,5,1,5,1
1240,2,3,1,0,1,4,1,3,2,0,1,3
1241,4,1,3,1,1,3,2,5,3,1,2,3
1242,3,1,4,0,0,1,1,2,3,1,5,5
1243,3,3,2,1,1,1,2,6,4,1,1,3
1244,1,1,2,8,0,9,5,5,4,1,2,5
1245,2,2,1,0,1,1,0,4,5,2,3,3
1246,2,4,0,0,1,1,1,3,2,0,2,3
1247,2,2,1,0,1,1,0,4,5,2,3,3
1248,2,1,3,0,1,2,1,3,5,2,4,5
1249,2,3,0,0,1,3,1,3,5,1,3,5
1250,2,3,0,0,1,3,1,3,5,1,3,5
1251,2,3,1,0,1,3,1,4,4,1,2,3
1252,2,4,0,0,1,0,0,4,5,1,2,3
1253,2,3,0,0,1,0,0,4,5,1,1,3
1254,2,3,0,0,1,2,1,4,5,2,3,3
1255,1,3,0,1,0,3,1,2,5,0,3,3
1256,2,3,2,0,1,5,1,3,2,0,1,3
1257,2,3,2,2,1,1,2,4,4,2,3,5
1258,1,3,0,1,1,1,0,3,5,1,4,5
1259,1,3,0,1,1,1,0,3,5,1,4,5
1260,3,3,6,0,6,2,1,4,2,4,1,3
1261,1,6,0,0,1,2,0,3,6,1,4,1
1262,4,2,3,1,1,4,2,5,3,1,2,3
1263,3,4,0,0,1,1,0,5,4,0,1,1
1264,3,1,3,0,0,3,1,3,5,2,5,5
1265,2,3,0,0,1,2,1,4,5,1,2,5
1266,2,3,0,0,1,2,1,4,5,1,2,5
1267,5,2,4,0,0,1,0,4,2,3,4,5
1268,2,1,3,0,1,2,1,4,5,1,1,5
1269,0,2,0,0,0,3,2,0,5,2,8,9
1270,0,1,0,0,0,3,1,0,7,2,8,5
1271,2,2,1,0,0,3,2,2,5,1,5,5
1272,1,2,0,0,1,3,1,2,5,1,4,3
1273,2,3,1,0,1,4,1,3,2,0,1,3
1274,2,3,1,0,1,2,1,3,3,1,4,5
1275,3,4,2,0,1,1,2,4,3,1,1,5
1276,3,1,3,3,0,0,0,4,4,1,5,1
1277,2,3,0,0,1,0,0,4,4,1,1,5
1278,3,4,2,0,1,1,2,4,3,1,1,5
1279,4,1,3,0,0,0,0,3,3,1,4,7
1280,2,2,1,0,1,3,1,4,4,1,3,5
1281,2,2,1,0,1,3,1,4,4,1,3,5
1282,2,4,0,0,1,1,0,4,4,2,3,5
1283,3,3,2,1,1,2,2,5,4,1,2,5
1284,2,2,1,0,0,2,1,3,5,1,3,3
1285,5,1,4,0,1,2,1,5,3,1,3,3
1286,2,0,4,1,0,2,0,2,4,1,6,5
1287,3,3,0,1,0,0,0,2,3,0,7,3
1288,2,3,2,2,0,2,3,6,4,5,2,3
1289,2,3,2,2,0,2,3,6,4,5,2,3
1290,2,4,0,0,1,0,0,3,4,1,3,3
1291,3,3,0,0,1,3,1,4,4,2,3,5
1292,1,1,1,1,0,1,0,2,6,2,6,5
1293,2,4,0,0,1,0,0,4,4,0,1,1
1294,3,3,0,0,1,3,1,4,4,2,3,5
1295,1,3,0,2,1,7,2,4,3,0,1,3
1296,1,3,0,2,1,7,2,4,3,0,1,3
1297,2,2,1,0,0,1,0,2,4,1,5,5
1298,0,3,0,0,0,1,0,1,5,1,5,5
1299,2,9,0,0,2,0,0,3,5,0,3,0
1300,0,3,0,0,1,1,0,3,8,1,6,5
1301,1,5,0,0,1,2,1,4,6,2,5,5
1302,3,1,3,0,0,0,0,4,4,2,4,5
1303,3,1,4,0,1,3,2,3,4,1,4,3
1304,2,4,2,0,1,2,2,3,2,0,1,3
1305,2,3,2,0,1,3,2,4,4,1,2,3
1306,4,3,3,1,1,2,3,5,4,1,2,3
1307,1,3,0,2,0,1,0,3,5,1,4,1
1308,4,3,3,1,1,2,3,5,4,1,2,3
1309,2,3,0,0,0,3,2,4,4,1,1,3
1310,2,3,2,0,1,3,2,4,4,1,2,3
1311,1,2,1,1,0,1,0,2,4,1,6,5
1312,3,7,2,0,1,1,1,3,4,0,3,3
1313,2,1,2,0,1,2,2,4,5,1,2,5
1314,2,1,2,1,1,3,2,4,5,1,2,5
1315,2,3,2,0,1,2,3,4,4,1,2,5
1316,0,4,0,0,0,2,1,1,9,1,6,5
1317,4,2,4,0,1,1,1,4,3,2,5,5
1318,2,3,2,0,1,2,3,4,4,1,2,5
1319,3,4,6,0,6,2,2,4,1,5,1,5
1320,4,3,3,1,1,1,2,5,4,1,2,3
1321,0,4,0,0,0,2,1,1,9,1,6,5
1322,3,1,4,0,0,1,0,2,3,1,4,3
1323,3,1,3,0,0,2,1,3,3,2,3,7
1324,1,2,2,0,1,2,0,3,5,1,3,5
1325,1,2,2,0,1,2,0,3,5,1,3,5
1326,1,2,2,0,1,2,0,3,5,1,3,5
1327,1,2,2,0,1,2,0,3,5,1,3,5
1328,1,2,1,0,1,1,1,3,4,1,1,3
1329,2,3,2,0,1,2,3,4,4,1,2,5
1330,2,3,2,0,1,2,3,4,4,1,2,5
1331,2,5,2,1,1,4,2,4,4,0,1,3
1332,3,1,0,0,1,0,0,4,2,0,1,5
1333,3,4,2,0,1,1,1,5,3,1,1,3
1334,2,4,0,0,2,0,0,4,5,1,2,3
1335,1,3,0,1,0,2,1,2,5,1,6,5
1336,1,2,0,0,0,1,0,3,4,0,1,3
1337,1,2,0,0,0,1,0,3,4,0,1,3
1338,1,2,0,0,0,1,0,3,4,0,1,3
1339,2,2,0,0,1,1,0,3,4,1,3,5
1340,2,2,0,0,1,1,0,3,4,1,3,5
1341,2,2,0,0,1,1,0,3,4,1,3,5
1342,2,2,0,0,1,2,0,4,4,1,3,5
1343,2,2,0,0,1,1,0,3,4,1,3,5
1344,6,2,4,1,1,0,0,6,2,1,3,3
1345,3,2,2,0,0,1,0,4,4,1,2,5
1346,1,3,0,0,0,0,0,3,6,1,4,3
1347,2,3,0,0,1,0,0,4,4,0,1,3
1348,2,3,0,0,1,0,0,4,4,0,1,3
1349,2,3,0,1,1,2,1,3,5,1,3,3
1350,3,3,2,0,0,4,2,4,4,1,2,3
1351,2,3,0,0,0,0,1,2,4,1,5,5
1352,2,3,0,0,1,1,1,5,4,0,2,3
1353,2,3,0,0,1,1,1,5,4,0,2,3
1354,2,3,0,0,1,0,0,4,4,1,2,3
1355,1,1,2,0,1,0,0,3,4,0,2,3
1356,1,1,2,0,1,0,0,3,4,0,2,3
1357,2,2,2,1,1,3,2,4,6,1,4,5
1358,2,3,1,3,2,7,3,5,4,1,1,3
1359,6,2,3,0,1,0,0,5,2,1,2,5
1360,4,2,3,0,1,1,1,5,3,1,3,3
1361,3,4,1,1,1,1,1,5,4,1,2,3
1362,6,2,3,0,1,0,0,5,2,1,2,5
1363,3,4,2,0,1,1,2,4,4,0,2,1
1364,2,3,0,0,1,1,0,3,5,1,5,5
1365,2,2,0,0,1,1,1,5,3,1,1,3
1366,2,4,0,0,1,1,1,4,3,1,2,3
1367,2,2,2,0,1,1,3,5,4,5,3,5
1368,3,4,3,0,1,2,2,4,4,1,2,5
1369,1,3,0,0,0,0,0,2,4,0,3,1
1370,3,4,5,0,6,1,2,4,2,5,1,3
1371,2,3,5,1,2,0,0,3,3,4,4,5
1372,3,4,5,0,6,1,2,4,2,5,1,3
1373,2,4,2,1,1,4,2,4,3,0,1,3
1374,1,4,0,0,4,2,0,3,4,1,2,0
1375,2,3,2,0,1,1,3,4,4,1,2,3
1376,3,5,1,0,1,0,0,3,2,0,2,3
1377,0,2,2,0,1,3,2,3,7,1,5,5
1378,2,2,1,0,1,1,0,4,4,1,2,5
1379,2,3,0,1,1,1,1,4,4,1,3,5
1380,2,3,0,1,1,1,1,4,4,1,3,5
1381,1,4,0,0,1,0,0,3,5,0,1,3
1382,3,3,2,0,1,3,3,4,4,0,2,3
1383,3,3,2,0,1,3,3,4,4,0,2,3
1384,2,4,1,0,1,2,2,4,3,1,1,3
1385,3,4,2,1,1,4,2,4,3,0,1,3
1386,2,3,0,0,1,0,0,4,4,1,1,3
1387,2,3,0,0,1,0,0,4,4,1,1,3
1388,1,3,3,3,1,0,1,5,4,2,2,3
1389,1,2,0,0,1,4,3,3,2,1,1,3
1390,1,2,0,0,0,1,0,2,6,1,6,5
1391,3,3,2,1,1,0,0,4,4,1,3,3
1392,2,3,0,0,0,0,0,3,3,0,2,3
1393,3,2,2,0,1,2,1,4,4,0,2,3
1394,1,3,1,2,0,3,2,4,4,0,1,3
1395,3,3,0,0,1,0,0,5,4,1,1,5
1396,3,3,0,0,1,0,0,5,4,1,1,3
1397,2,3,2,0,1,2,3,4,4,1,2,3
1398,2,3,1,0,1,1,0,4,6,1,2,7
1399,2,3,0,0,0,1,0,4,5,2,4,5
1400,2,3,2,0,1,4,4,4,4,1,2,3
1401,2,3,2,0,1,4,4,4,4,1,2,3
1402,2,1,4,0,0,0,0,4,5,2,5,5
1403,2,1,3,0,0,0,0,4,3,4,2,9
1404,3,2,3,1,1,1,1,6,5,1,3,5
1405,2,1,2,0,0,2,0,3,4,3,4,7
1406,3,0,3,2,0,0,0,5,3,3,3,5
1407,1,2,0,0,0,5,1,3,6,3,3,5
1408,3,1,3,0,0,4,1,3,4,4,6,7
1409,1,2,0,0,0,5,1,3,6,3,3,5
1410,1,5,0,0,1,0,0,2,5,0,5,5
1411,1,2,3,1,0,0,0,4,6,2,3,5
1412,3,0,3,2,0,0,0,5,3,3,3,5
1413,4,3,2,0,1,1,2,4,2,3,2,3
1414,4,1,5,0,1,0,0,6,3,2,1,3
1415,1,3,0,0,0,0,0,4,6,3,1,3
1416,4,1,5,0,1,0,0,6,3,2,1,3
1417,2,1,3,1,0,2,1,3,4,2,5,7
1418,2,2,0,0,1,0,0,3,3,0,2,3
1419,2,3,2,0,1,4,4,4,4,0,2,3
1420,2,2,0,0,1,0,0,3,3,0,2,3
1421,2,1,1,0,1,3,1,4,4,1,1,3
1422,2,2,0,0,1,5,1,4,5,3,4,5
1423,1,2,0,2,1,1,0,4,5,2,3,1
1424,3,0,3,0,1,0,0,5,4,2,1,5
1425,3,0,3,0,1,0,0,5,4,2,1,5
1426,2,0,3,0,0,3,1,5,5,2,5,5
1427,2,1,3,1,1,0,0,4,4,1,4,3
1428,2,3,0,0,1,3,1,4,4,1,3,3
1429,2,0,3,0,0,5,2,4,4,3,4,3
1430,2,1,2,0,0,2,1,4,4,1,3,3
1431,2,2,3,0,0,1,2,4,4,1,2,5
1432,1,2,0,0,0,0,0,3,5,3,5,5
1433,1,1,1,0,0,1,0,3,5,2,2,7
1434,4,2,3,9,3,7,3,9,3,2,0,5
1435,4,2,3,9,3,7,3,9,3,2,0,5
1436,4,1,3,0,2,3,2,6,3,1,0,3
1437,1,5,2,2,0,1,1,4,6,1,4,3
1438,2,3,0,0,0,0,0,4,5,0,2,3
1439,2,3,0,0,1,4,3,4,4,2,4,5
1440,2,1,3,0,0,1,0,3,3,2,4,7
1441,2,4,1,2,1,2,3,5,3,1,1,5
1442,2,3,0,0,1,2,0,5,5,2,2,3
1443,2,3,1,0,0,0,0,2,5,0,5,3
1444,2,3,0,0,1,4,3,4,4,2,4,5
1445,2,4,1,2,1,2,3,5,3,1,1,5
1446,2,3,0,0,1,2,0,5,5,2,2,3
1447,1,3,0,0,1,2,1,5,5,2,1,3
1448,2,3,0,0,1,5,1,4,5,2,1,3
1449,2,1,3,0,0,1,0,3,3,2,4,9
1450,2,1,3,0,0,1,0,3,3,2,4,7
1451,2,1,4,1,1,0,0,5,4,2,3,7
1452,1,3,0,0,0,5,1,2,4,2,4,7
1453,2,2,3,0,1,3,2,5,5,1,0,3
1454,6,2,6,0,1,0,0,7,3,2,3,5
1455,1,5,0,0,0,1,0,3,5,1,3,5
1456,1,2,0,0,0,5,2,1,4,1,3,5
1457,2,2,3,0,1,3,2,5,5,1,0,3
1458,3,1,3,0,0,0,0,4,5,1,3,3
1459,2,0,3,0,0,0,0,3,4,2,5,7
1460,1,2,0,0,0,4,2,5,5,2,3,5
1461,1,4,0,0,0,0,0,4,6,1,2,1
1462,1,3,0,0,1,1,0,3,4,1,3,5
1463,2,3,0,1,1,1,1,3,4,1,3,5
1464,1,3,0,0,0,4,1,4,5,2,1,3
1465,1,3,0,0,0,4,1,4,5,2,1,3
1466,2,2,3,0,0,4,1,5,4,1,2,7
1467,1,6,0,0,0,2,0,4,6,1,3,1
1468,2,2,3,0,0,4,1,5,4,1,2,7
1469,2,5,0,0,0,2,1,5,4,1,1,0
1470,4,3,1,0,1,0,0,4,1,0,1,3
1471,1,3,0,1,0,0,0,2,5,1,6,3
1472,2,1,5,1,1,3,1,4,5,2,4,5
1473,1,3,0,0,0,1,1,2,5,1,3,3
1474,4,2,4,8,3,6,2,9,3,2,0,3
1475,0,2,1,0,0,2,2,1,6,3,7,7
1476,4,2,4,8,3,6,2,9,3,2,0,3
1477,0,2,1,0,0,2,2,1,6,3,7,7
1478,2,5,0,3,1,0,0,5,5,1,2,0
1479,3,1,5,1,1,1,0,6,5,2,3,3
1480,0,3,0,0,1,0,0,3,7,1,2,1
1481,3,1,5,1,1,1,0,6,5,2,3,3
1482,2,3,5,0,1,0,0,5,4,1,2,1
1483,3,1,4,0,0,0,0,3,4,1,3,3
1484,1,5,0,0,0,0,0,4,6,1,3,1
1485,2,3,1,0,1,0,0,4,4,1,1,3
1486,1,3,2,0,0,1,0,3,5,1,2,3
1487,1,3,0,0,0,1,0,3,6,2,3,3
1488,0,2,0,0,0,0,0,3,7,1,4,3
1489,1,3,0,0,0,0,0,3,5,2,3,5
1490,2,0,4,0,0,0,0,2,5,1,6,5
1491,0,2,0,0,0,0,0,3,7,1,4,3
1492,1,3,0,0,0,0,0,2,6,1,5,3
1493,2,2,2,0,1,3,4,4,4,1,1,3
1494,1,1,0,0,0,1,0,3,5,2,2,7
1495,2,2,0,0,1,1,0,3,4,2,3,5
1496,2,2,2,0,1,3,4,4,4,1,1,3
1497,2,4,0,0,0,0,0,3,5,1,4,5
1498,1,5,0,0,0,0,0,4,6,1,3,5
1499,2,4,0,0,0,0,0,3,5,1,4,5
1500,2,4,0,0,1,0,0,3,4,1,1,3
1501,2,4,2,2,1,2,2,4,3,1,1,3
1502,2,3,1,1,1,1,1,4,4,1,2,3
1503,1,2,3,1,1,0,0,4,6,2,3,5
1504,2,1,5,0,1,0,0,4,4,1,4,5
1505,1,4,0,0,1,0,0,4,6,1,2,0
1506,1,4,0,0,0,0,0,4,6,1,3,5
1507,2,1,5,0,1,0,0,4,4,1,4,5
1508,2,1,5,0,1,2,0,5,5,2,3,5
1509,2,0,3,0,0,0,0,2,4,2,4,3
1510,1,1,2,0,0,3,1,4,5,2,1,5
1511,2,3,0,0,0,2,0,5,5,2,2,3
1512,1,4,0,0,0,1,0,4,6,1,3,5
1513,1,3,1,0,1,2,2,2,4,1,3,5
1514,2,4,2,2,1,2,2,6,6,2,1,5
1515,2,4,2,2,1,2,2,6,6,2,1,5
1516,1,1,2,0,0,3,1,4,5,3,3,3
1517,1,2,0,0,0,3,1,3,5,2,2,5
1518,2,2,4,0,1,0,0,4,4,1,3,3
1519,1,3,0,1,1,1,0,4,5,1,2,3
1520,1,2,0,0,0,3,1,3,5,2,2,5
1521,2,2,1,0,1,1,0,4,5,0,0,1
1522,1,1,2,0,0,3,1,4,5,3,3,3
1523,1,2,2,0,1,3,1,3,4,1,3,3
1524,1,2,1,0,1,2,1,3,5,2,2,5
1525,1,2,0,0,0,2,0,4,4,1,1,3
1526,1,2,0,0,0,2,1,4,4,1,1,5
1527,2,2,0,0,0,1,0,3,4,1,3,5
1528,2,1,4,0,1,2,1,5,4,2,2,5
1529,2,3,0,0,0,5,1,4,5,1,2,5
1530,1,2,0,0,0,1,0,3,5,2,4,5
1531,1,4,0,1,1,1,0,4,6,1,2,3
1532,2,2,1,0,0,2,0,4,3,2,2,5
1533,3,1,2,0,1,4,2,5,5,1,0,3
1534,1,3,1,1,0,1,0,2,5,1,5,7
1535,2,2,1,0,1,1,1,4,4,1,1,5
1536,1,2,0,0,1,3,1,3,6,2,2,5
1537,0,3,0,0,0,2,0,3,5,1,2,5
1538,1,3,0,1,1,1,0,3,6,1,5,3
1539,2,1,3,0,0,4,1,5,5,2,2,3
1540,1,2,0,2,0,1,0,4,6,1,4,5
1541,2,0,2,0,0,2,1,4,5,2,3,7
1542,1,5,0,0,0,3,1,3,4,1,3,5
1543,5,2,4,0,0,1,0,5,4,1,3,5
1544,3,1,4,0,0,1,0,3,3,2,4,7
1545,1,3,3,0,0,2,0,3,4,1,2,5
1546,2,3,0,0,1,2,0,4,4,1,2,3
1547,1,3,0,0,0,1,0,2,6,1,5,3
1548,5,1,4,0,1,2,1,5,2,1,3,3
1549,2,1,2,0,1,2,0,3,3,2,4,9
1550,2,3,0,0,1,2,0,5,5,1,1,3
1551,2,3,0,0,1,2,0,5,5,1,1,3
1552,1,3,0,1,1,4,1,4,6,1,4,5
1553,2,4,0,0,1,2,0,5,5,1,1,3
1554,1,5,0,1,0,1,0,4,6,1,3,5
1555,2,3,1,0,0,1,0,3,5,2,3,7
1556,1,5,0,0,0,1,0,4,6,1,2,3
1557,1,5,0,1,0,1,0,4,6,1,3,5
1558,2,3,3,3,3,9,3,5,3,1,1,3
1559,2,3,2,0,1,4,4,4,3,1,2,3
1560,2,3,2,0,1,4,4,4,3,1,2,3
1561,2,3,2,0,1,4,4,4,3,1,2,3
1562,2,3,1,0,1,1,0,3,4,1,2,3
1563,2,3,1,0,1,1,0,3,4,1,2,3
1564,2,3,1,0,1,1,0,3,4,1,2,3
1565,1,3,0,0,0,3,1,3,5,2,3,5
1566,1,0,6,0,0,3,1,3,4,2,4,5
1567,2,3,1,0,1,1,0,3,4,1,2,3
1568,2,3,1,0,1,3,1,4,4,1,1,3
1569,1,2,1,0,0,1,0,2,5,1,4,5
1570,1,1,5,0,3,2,1,2,4,3,6,5
1571,1,1,1,0,0,1,0,3,5,1,4,5
1572,2,3,3,0,0,4,3,4,4,1,1,3
1573,1,3,1,1,1,1,1,3,6,2,6,5
1574,0,1,7,8,1,3,3,4,5,0,3,5
1575,2,2,3,0,0,1,0,3,4,1,5,5
1576,3,1,6,0,1,2,0,4,4,2,3,5
1577,1,3,1,2,1,1,0,4,6,1,5,5
1578,1,3,1,0,1,1,0,3,5,2,4,5
1579,1,3,0,0,0,3,0,2,6,1,4,3
1580,2,1,3,1,0,1,0,3,4,1,5,5
1581,1,3,0,0,0,3,0,2,6,1,4,3
1582,1,4,0,1,0,1,0,2,6,1,5,3
1583,1,2,2,0,1,4,3,4,4,1,2,3
1584,1,1,4,1,0,3,0,3,4,2,4,7
1585,2,1,4,1,0,2,1,3,4,3,4,5
1586,2,1,4,1,0,4,1,3,4,3,4,5
1587,1,3,1,0,0,2,0,3,6,1,3,5
1588,2,3,3,1,0,4,3,2,4,2,6,5
1589,1,4,1,4,1,3,2,5,4,1,1,3
1590,1,2,1,0,1,3,1,2,4,2,4,5
1591,0,4,0,0,1,2,0,2,7,1,4,5
1592,1,2,1,0,1,3,1,4,5,2,3,5
1593,1,3,0,0,0,3,1,4,5,2,1,5
1594,1,3,0,0,1,4,1,3,5,1,3,3
1595,1,2,0,0,0,5,1,3,6,2,4,5
1596,1,2,1,0,1,3,1,4,5,2,3,5
1597,1,3,1,0,1,4,1,3,6,2,2,3
1598,1,1,4,1,0,2,1,3,5,1,3,5
